"CODIGO_DANE_MPIO_HOSPEDAJE","PIB_Dep_2023","Poblacion_Total","MDM_Texto","Valor_Transito_Superior","Cobertura_Acueducto","Indice_Capacidad","Indice_Positivo"
"05001",231052.39,2616382.1,"Ciudades",47.24,96.75,1.55702561277044,0.85571159873708
"05002",231052.39,21520.3,"G4- Nivel Medio Bajo",20.23,15.67,-2.11288250917527,0.222059758556484
"05004",231052.39,2909.27,"G3- Nivel Medio",20.83,57.37,-1.25918542781715,0.369460376932886
"05030",231052.39,32461.01,"G2- Nivel Medio Alto",36.32,82.3,0.317283783958293,0.641655915305097
"05031",231052.39,27895.88,"G2- Nivel Medio Alto",29.56,60.49,-0.281847034928191,0.538209089585915
"05034",231052.39,46234.88,"G2- Nivel Medio Alto",46.73,62.21,0.483153411312786,0.670295213922611
"05040",231052.39,19727.74,"G4- Nivel Medio Bajo",15.22,36.71,-2.03239082520106,0.235957573426697
"05042",231052.39,28098.43,"G1- Nivel Alto",36.43,90.78,1.52605121494457,0.85036351275545
"05045",231052.39,131470.55,"G1- Nivel Alto",43.57,89.48,1.8157581042634,0.900384738745311
"05051",231052.39,32241.74,"G4- Nivel Medio Bajo",16.34,55.41,-1.72042834732669,0.289821482713774
"05055",231052.39,8075.31,"G4- Nivel Medio Bajo",30,31.93,-1.46214084843562,0.334417789631998
"05079",231052.39,56152.62,"G1- Nivel Alto",25.33,99.98,1.1768800700384,0.790075099215969
"05086",231052.39,6455.4,"G3- Nivel Medio",17.78,54.28,-1.43433360019752,0.339219030815957
"05088",231052.39,566504.17,"G1- Nivel Alto",43.07,97.84,1.91205106822307,0.917010826315356
"05091",231052.39,10943.52,"G3- Nivel Medio",46.51,100,0.449727304640714,0.664523812214712
"05113",231052.39,10069.07,"G4- Nivel Medio Bajo",35.94,99.01,-0.260144341500673,0.541956309181138
"05125",231052.39,8919.67,"G4- Nivel Medio Bajo",7.78,79.74,-1.74670704020897,0.285284164189961
"05129",231052.39,86128.43,"G1- Nivel Alto",46.36,100,2.08444168924312,0.94677604947885
"05138",231052.39,16421.22,"G4- Nivel Medio Bajo",15.72,73.49,-1.49227434310443,0.329214895250587
"05142",231052.39,4874.1,"G3- Nivel Medio",35.71,90.61,-0.148593606695501,0.561216826347796
"05145",231052.39,5000.79,"G3- Nivel Medio",19.4,55,-1.35429232888498,0.353039076760511
"05147",231052.39,52233.55,"G2- Nivel Medio Alto",43.01,80.54,0.581091358622981,0.687205326784977
"05148",231052.39,64314.2,"G1- Nivel Alto",39.19,99.2,1.76383353826564,0.891419365307674
"05154",231052.39,97851.7,"G1- Nivel Alto",45.55,78.34,1.74412151435338,0.888015857696408
"05172",231052.39,62282.93,"G2- Nivel Medio Alto",31.61,71.48,-0.0384623212969912,0.58023225925112
"05190",231052.39,10469.36,"G2- Nivel Medio Alto",45.78,81.65,0.716244557461246,0.710541080788747
"05197",231052.39,16600.36,"G3- Nivel Medio",29.05,54.84,-0.940226245514812,0.424532347699615
"05206",231052.39,5100.65,"G3- Nivel Medio",21.62,30.95,-1.59758733776176,0.311031395652738
"05212",231052.39,84257.57,"G1- Nivel Alto",51.5,90.22,2.16830838347728,0.961256598682127
"05237",231052.39,20406.5,"G1- Nivel Alto",16.67,67.62,0.347039232448316,0.646793535666314
"05250",231052.39,56354.95,"G2- Nivel Medio Alto",29.65,78.11,-0.0295474384910513,0.581771516286248
"05264",231052.39,12111.71,"G1- Nivel Alto",34.91,98.52,1.5695980612398,0.85788237654499
"05266",231052.39,248349.92,"G1- Nivel Alto",59.77,86.85,2.47758187510398,1.01465622357095
"05282",231052.39,26031.12,"G3- Nivel Medio",32.14,30.17,-1.15472868758841,0.387496034356952
"05284",231052.39,21954.75,"G4- Nivel Medio Bajo",27.5,94.22,-0.691796331036599,0.467426629309468
"05306",231052.39,6014.34,"G3- Nivel Medio",35.9,38.14,-0.880148559636036,0.434905451043329
"05308",231052.39,55950.98,"G1- Nivel Alto",40.87,96.2,1.79401665915233,0.896630828226289
"05313",231052.39,10834.48,"G4- Nivel Medio Bajo",22.54,48.3,-1.55318778065435,0.318697489769937
"05315",231052.39,7016.91,"G3- Nivel Medio",37.93,68.88,-0.359179933364686,0.524856675363947
"05318",231052.39,59759.41,"G1- Nivel Alto",40.84,61.99,1.31041031745672,0.813130631993595
"05321",231052.39,9068.47,"G1- Nivel Alto",37.5,59.22,1.12726246073256,0.781508048380556
"05360",231052.39,299395.45,"G1- Nivel Alto",50.02,99.34,2.23303694270182,0.972432728792742
"05364",231052.39,15562.57,"G3- Nivel Medio",20.53,62.52,-1.19952044107246,0.379762223025174
"05368",231052.39,14503.61,"G2- Nivel Medio Alto",31.88,35.28,-0.537182168799363,0.494122542439758
"05376",231052.39,70435.2,"G1- Nivel Alto",47.87,96.74,2.1036250145654,0.950088271198668
"05380",231052.39,77659.45,"G1- Nivel Alto",51.5,91.46,2.18579061017444,0.964275106162155
"05400",231052.39,23120.94,"G2- Nivel Medio Alto",47.08,82.07,0.778250766248586,0.721247165790104
"05440",231052.39,69946.74,"G1- Nivel Alto",37.13,65.57,1.20082578010115,0.794209601427336
"05467",231052.39,7085.57,"G3- Nivel Medio",39.73,31.48,-0.808810558293746,0.447222777342326
"05480",231052.39,15085.6,"G2- Nivel Medio Alto",24.04,28.4,-0.972414872805567,0.418974611037569
"05483",231052.39,10862.95,"G4- Nivel Medio Bajo",29.27,32.36,-1.48757224096988,0.330026767256988
"05490",231052.39,45579.27,"G4- Nivel Medio Bajo",20.13,67.03,-1.39309417434422,0.346339491931501
"05495",231052.39,27952.7,"G4- Nivel Medio Bajo",27.96,62.68,-1.11661983211759,0.394075966495268
"05501",231052.39,3377,"G2- Nivel Medio Alto",30.3,43.06,-0.495659909373086,0.501291838024184
"05541",231052.39,22640.78,"G2- Nivel Medio Alto",29.84,20.99,-0.826660741545937,0.444140737931674
"05576",231052.39,9247.93,"G3- Nivel Medio",32.1,88.45,-0.334789719265627,0.529067926308855
"05579",231052.39,42253.05,"G1- Nivel Alto",45.27,92.75,1.93520210175197,0.921008118484592
"05591",231052.39,19608.68,"G3- Nivel Medio",28.13,99.36,-0.352248701013548,0.526053432336623
"05604",231052.39,30550.75,"G1- Nivel Alto",16.98,47.84,0.0815435894279081,0.6009526597725
"05607",231052.39,25479.58,"G1- Nivel Alto",51.76,65.85,1.83594319648285,0.903869927039967
"05615",231052.39,146928.96,"G1- Nivel Alto",45.35,99.71,2.03677952126225,0.938546628075226
"05628",231052.39,9720.41,"G4- Nivel Medio Bajo",35.48,57.18,-0.869732915234724,0.43670383182624
"05631",231052.39,89693.44,"G1- Nivel Alto",51.96,100,2.32603779136941,0.988490394799194
"05647",231052.39,7700.2,"G4- Nivel Medio Bajo",18.03,40.05,-1.86407212900398,0.265019731943496
"05649",231052.39,17034.89,"G1- Nivel Alto",22.33,36.2,0.148246797446063,0.612469735705247
"05652",231052.39,6045.8,"G3- Nivel Medio",19.15,28.58,-1.73756208636733,0.286863145635156
"05656",231052.39,16547.97,"G1- Nivel Alto",28.79,50.45,0.627849779431344,0.695278705846426
"05660",231052.39,13839.88,"G3- Nivel Medio",31.25,27.94,-1.2245650218771,0.375437988143512
"05664",231052.39,23621.08,"G1- Nivel Alto",29.64,53.73,0.710763925689199,0.709594786687556
"05665",231052.39,33231.21,"G4- Nivel Medio Bajo",14.29,40.7,-2.01625974104938,0.238742790608484
"05667",231052.39,16666.83,"G3- Nivel Medio",56.57,39.09,0.0249935515977297,0.591188645431352
"05670",231052.39,23016.47,"G4- Nivel Medio Bajo",22.17,41.49,-1.66516164139434,0.299363915044802
"05679",231052.39,27911.49,"G3- Nivel Medio",32.81,50.68,-0.83666177065644,0.442413945246681
"05686",231052.39,39103.53,"G1- Nivel Alto",30.38,42.92,0.590283584095273,0.688792470220815
"05690",231052.39,13126.99,"G1- Nivel Alto",33.55,58.33,0.944303197185156,0.749918027548254
"05697",231052.39,38163.06,"G2- Nivel Medio Alto",20.48,87.92,-0.286854084836436,0.53734456483957
"05736",231052.39,40971.58,"G1- Nivel Alto",20.54,69.95,0.546849063788778,0.681293000804948
"05756",231052.39,38570.27,"G1- Nivel Alto",32.66,47.86,0.758294646779846,0.71780151227398
"05761",231052.39,16138.89,"G2- Nivel Medio Alto",25.45,51.84,-0.581113946807057,0.486537215763453
"05837",231052.39,134564.85,"G2- Nivel Medio Alto",34.73,97.2,0.458756439583131,0.666082796195071
"05847",231052.39,32188.7,"G3- Nivel Medio",29.93,44.53,-1.04761739959705,0.405990029978797
"05854",231052.39,14771.62,"G4- Nivel Medio Bajo",26.6,58.52,-1.23394322206039,0.373818734035163
"05893",231052.39,20778.15,"G1- Nivel Alto",47.79,61.27,1.60009736671959,0.863148432369639
"05895",231052.39,26256.43,"G1- Nivel Alto",28.85,33.7,0.394287262986147,0.654951451477931
"08001",70200.98,1334557.08,"Ciudades",49.57,63.88,1.19412685494549,0.793052954963427
"08078",70200.98,69795.05,"G2- Nivel Medio Alto",41.83,100,0.804541779118166,0.725786611501401
"08137",70200.98,25097.11,"G4- Nivel Medio Bajo",38.36,99.95,-0.142487655931202,0.562271088963995
"08141",70200.98,17782.8,"G5- Nivel Bajo",45.51,81.46,-0.671689973037278,0.470898223235597
"08296",70200.98,68644.16,"G1- Nivel Alto",47.52,99.18,2.12292576878015,0.95342076836717
"08372",70200.98,23620.95,"G4- Nivel Medio Bajo",38.74,65.04,-0.618274710520222,0.480120982569888
"08421",70200.98,31243,"G5- Nivel Bajo",23.6,100,-1.35554723634398,0.352822402556626
"08433",70200.98,143999.69,"G1- Nivel Alto",35.97,53.79,0.984699719609112,0.756892951693566
"08436",70200.98,21927.19,"G4- Nivel Medio Bajo",18.07,100,-1.01713717603219,0.411252791091396
"08520",70200.98,32415.33,"G2- Nivel Medio Alto",61.79,100,1.66565931455399,0.874468456607485
"08558",70200.98,20257.74,"G3- Nivel Medio",41.62,100,0.238762136891155,0.628098249961769
"08560",70200.98,26740.29,"G4- Nivel Medio Bajo",30.96,78.77,-0.760347358870082,0.455590506036189
"08573",70200.98,55511.66,"G1- Nivel Alto",65.75,99.2,2.90968933692173,1.08926454596988
"08634",70200.98,36349.87,"G1- Nivel Alto",48.28,100,2.16727463854356,0.961078110731539
"08685",70200.98,33402.36,"G2- Nivel Medio Alto",36.49,91.4,0.452914937589559,0.665074193700226
"08758",70200.98,681883.9,"G1- Nivel Alto",40.29,100,1.82256877140267,0.901560678747691
"08832",70200.98,19314.58,"G2- Nivel Medio Alto",26.17,100,0.128935536386449,0.609135424409152
"11001",NA,7929586.89,"Ciudades",52.22,98.97,1.80317240023434,0.898211672212584
"13001",56626.16,1059674.2,"Ciudades",50.59,49.52,1.0356763952523,0.765694660961009
"13006",56626.16,27319.17,"G5- Nivel Bajo",14.16,45.42,-2.53230918314455,0.149640920005138
"13042",56626.16,8055.8,"G3- Nivel Medio",24.14,100,-0.515362839031605,0.497889900640408
"13052",56626.16,76044.32,"G2- Nivel Medio Alto",35.86,85.51,0.34269479928884,0.646043419321552
"13074",56626.16,16388.03,"G5- Nivel Bajo",25.76,55.61,-1.8881956869995,0.260854522241338
"13140",56626.16,24818.2,"G5- Nivel Bajo",15.88,100,-1.6886047199895,0.295316197936437
"13160",56626.16,9154.18,"G1- Nivel Alto",39.51,50.55,1.09174360335051,0.775375309196525
"13188",56626.16,14811.68,"G4- Nivel Medio Bajo",25.61,92.4,-0.798994412753278,0.448917647752842
"13244",56626.16,76601.62,"G4- Nivel Medio Bajo",28.19,79.88,-0.864201732492463,0.437658854133761
"13430",56626.16,146253.15,"G3- Nivel Medio",32.71,99.9,-0.147044375447908,0.561484318938424
"13468",56626.16,48848.63,"G4- Nivel Medio Bajo",24.63,82.27,-0.984092243885245,0.416958378634131
"13473",56626.16,24864,"G5- Nivel Bajo",27.17,100,-1.20152972123848,0.379415297698346
"13490",56626.16,10932.05,"G5- Nivel Bajo",34.88,97.92,-0.898228684631391,0.431783709546452
"13549",56626.16,26726.32,"G5- Nivel Bajo",10.77,63.45,-2.42436389364846,0.168278915577561
"13620",56626.16,8793.12,"G3- Nivel Medio",19.75,83.58,-0.936255444272378,0.425217952197235
"13654",56626.16,25954.83,"G4- Nivel Medio Bajo",52.67,56.23,-0.14151280745043,0.562439407764688
"13657",56626.16,40386.05,"G4- Nivel Medio Bajo",38.08,52.47,-0.823967560699753,0.444605746575601
"13670",56626.16,29820.73,"G3- Nivel Medio",43.4,84.03,0.0904010220629135,0.602481997374955
"13673",56626.16,16088.55,"G4- Nivel Medio Bajo",39.18,81.85,-0.362295199333012,0.52431878886982
"13683",56626.16,22960.88,"G2- Nivel Medio Alto",24.43,80.07,-0.227116322364177,0.547658976498124
"13688",56626.16,36165.27,"G4- Nivel Medio Bajo",43.24,51.8,-0.610800051299253,0.481411568440898
"13744",56626.16,20118.52,"G3- Nivel Medio",50,35.16,-0.31385782656378,0.532682058294795
"13760",56626.16,11705.08,"G4- Nivel Medio Bajo",25.86,54.53,-1.32212171523903,0.358593703159629
"15001",41792.52,187333.32,"G1- Nivel Alto",62.92,92.92,2.6990580019466,1.05289662378443
"15022",41792.52,2100.69,"G4- Nivel Medio Bajo",41.67,22.98,-1.08485402922661,0.399560697662329
"15047",41792.52,16531.24,"G2- Nivel Medio Alto",38.06,93.94,0.556458498096451,0.682952180144
"15097",41792.52,5472.12,"G3- Nivel Medio",29.09,80.01,-0.583639554258532,0.48610114059317
"15104",41792.52,5500.15,"G2- Nivel Medio Alto",35.29,84.62,0.305556040239084,0.639630985486172
"15131",41792.52,3384.59,"G3- Nivel Medio",41.46,100,0.231859391116119,0.626906411524045
"15176",41792.52,60784.92,"G1- Nivel Alto",46.75,74.28,1.73865191380287,0.887071468262472
"15180",41792.52,4245.75,"G4- Nivel Medio Bajo",38.78,57.61,-0.721301398560254,0.462332240101407
"15183",41792.52,8456.42,"G4- Nivel Medio Bajo",24.39,60.92,-1.29545083027713,0.363198738156088
"15187",41792.52,3045.21,"G2- Nivel Medio Alto",9.52,100,-0.589381445828308,0.485109736983486
"15218",41792.52,2993.29,"G3- Nivel Medio",53.57,57.37,0.153288926399736,0.613340317252185
"15223",41792.52,11345.12,"G4- Nivel Medio Bajo",56.25,95.17,0.56193444183652,0.683897664802559
"15224",41792.52,4070.54,"G2- Nivel Medio Alto",34.85,94.02,0.419100046578143,0.659235663905226
"15238",41792.52,132941.69,"G1- Nivel Alto",61.1,97.07,2.67904833391138,1.0494417244925
"15276",41792.52,3508.5,"G4- Nivel Medio Bajo",56.25,100,0.630030534535943,0.695655238293315
"15299",41792.52,19462.63,"G2- Nivel Medio Alto",43.79,98.37,0.86611974589755,0.736418755595419
"15322",41792.52,11570.34,"G2- Nivel Medio Alto",40.37,43.84,-0.0502214626214032,0.578201908274593
"15325",41792.52,3576.8,"G2- Nivel Medio Alto",22.58,44.05,-0.814759808800713,0.446195570827566
"15367",41792.52,7804.24,"G1- Nivel Alto",38.16,99.42,1.72249879772059,0.884282447014508
"15368",41792.52,4220.23,"G3- Nivel Medio",36.96,17.33,-1.12780910885054,0.392144009193742
"15403",41792.52,3271.52,"G3- Nivel Medio",36,100,-0.00369680845700895,0.586234924836709
"15407",41792.52,17675.93,"G1- Nivel Alto",40.53,89.03,1.67826157807502,0.876644382326929
"15425",41792.52,5405.88,"G2- Nivel Medio Alto",22.22,35.96,-0.9443484174236,0.423820607315727
"15455",41792.52,9531.48,"G1- Nivel Alto",50.63,56.97,1.66199725358312,0.873836159668176
"15466",41792.52,4532.33,"G3- Nivel Medio",31.11,54.32,-0.858684650018089,0.438611441867881
"15469",41792.52,24405.61,"G2- Nivel Medio Alto",29.13,87.71,0.0833649089439015,0.601267131531606
"15491",41792.52,17382.27,"G1- Nivel Alto",61.71,62.03,2.21135116228476,0.968688429423268
"15522",41792.52,1862.37,"G3- Nivel Medio",53.57,10.86,-0.502435560442948,0.500121943948862
"15537",41792.52,4564.38,"G2- Nivel Medio Alto",50,88.04,0.988394339047883,0.75753087022677
"15572",41792.52,50716.59,"G1- Nivel Alto",42.21,57.49,1.30607151352868,0.812381487600376
"15580",41792.52,5324.72,"G3- Nivel Medio",45.16,43.36,-0.407057612938709,0.516590043405441
"15599",41792.52,10693.77,"G1- Nivel Alto",35.43,90.18,1.47444991190035,0.841453954384177
"15600",41792.52,8571.04,"G3- Nivel Medio",25.86,32.67,-1.39041503446593,0.346802076240853
"15621",41792.52,2597.96,"G4- Nivel Medio Bajo",39.13,57.24,-0.711418113046675,0.464038703000371
"15638",41792.52,5984.38,"G1- Nivel Alto",26.42,89.38,1.07446018450995,0.772391128179174
"15646",41792.52,19900.26,"G1- Nivel Alto",34.03,97.31,1.51457368987745,0.848381786064254
"15660",41792.52,1819.13,"G2- Nivel Medio Alto",14.29,95.89,-0.441538459769163,0.510636528679978
"15673",41792.52,3617.18,"G3- Nivel Medio",41.38,63.45,-0.286894712240118,0.53733755005112
"15686",41792.52,8181.59,"G3- Nivel Medio",30.56,100,-0.238390164808257,0.545712417954089
"15690",41792.52,3809.86,"G1- Nivel Alto",68.75,94.43,2.97186564169927,1.1
"15693",41792.52,14180.31,"G4- Nivel Medio Bajo",54.64,100,0.560571655174636,0.683662364013716
"15696",41792.52,3448.88,"G1- Nivel Alto",20,89.73,0.802422009757571,0.725420608944534
"15753",41792.52,9565.6,"G3- Nivel Medio",51.85,90.76,0.549835658848886,0.681808670787092
"15757",41792.52,8574.8,"G2- Nivel Medio Alto",55.43,74.44,1.03091572291611,0.764872676135753
"15759",41792.52,137806.87,"G1- Nivel Alto",59.62,70.7,2.24341864677929,0.974225249388437
"15764",41792.52,6479.69,"G2- Nivel Medio Alto",48.53,3.7,-0.264098024565513,0.541273660333733
"15774",41792.52,2919.56,"G5- Nivel Bajo",34.78,82.54,-1.11937890606525,0.393599580649619
"15806",41792.52,14112.51,"G1- Nivel Alto",56.12,100,2.50550918152036,1.01947819418002
"15810",41792.52,3573.15,"G4- Nivel Medio Bajo",53.33,48.6,-0.220611069595608,0.548782183197222
"15814",41792.52,9478.89,"G2- Nivel Medio Alto",36.36,99.92,0.567426272340734,0.684845892493641
"15837",41792.52,8963.93,"G1- Nivel Alto",38.76,26.72,0.72341806140637,0.711779668738181
"17001",25947.82,457069.06,"Ciudades",50.01,96.13,1.66778828565218,0.874836047950165
"17013",25947.82,23574.7,"G3- Nivel Medio",31.06,40.69,-1.05300526604238,0.405059752878039
"17042",25947.82,37623.12,"G3- Nivel Medio",30.88,59.01,-0.80248505415867,0.448314948372793
"17050",25947.82,10909.75,"G3- Nivel Medio",15.91,58.06,-1.46171684715675,0.334490998328691
"17174",25947.82,53656.78,"G1- Nivel Alto",34.91,98.18,1.564804547468,0.857054721268208
"17272",25947.82,11787.19,"G4- Nivel Medio Bajo",35.53,37,-1.15208494810639,0.387952506380793
"17380",25947.82,75496.25,"G1- Nivel Alto",45.48,84.47,1.8275257966684,0.902416566164238
"17433",25947.82,18839.21,"G4- Nivel Medio Bajo",33.33,41.07,-1.18961652295069,0.381472248381212
"17442",25947.82,9334.7,"G3- Nivel Medio",13.1,93.73,-1.08005033088913,0.400390111421494
"17444",25947.82,13751.04,"G4- Nivel Medio Bajo",25.68,91.11,-0.814161616669713,0.446298855578027
"17486",25947.82,21693.9,"G3- Nivel Medio",26.19,99.99,-0.427062394488117,0.51313598782149
"17513",25947.82,15841.3,"G3- Nivel Medio",20.49,64.58,-1.17220307348707,0.384478880680952
"17616",25947.82,11385.14,"G3- Nivel Medio",28.1,100,-0.344519881099446,0.52738790197408
"17653",25947.82,20115.78,"G3- Nivel Medio",23.43,65.99,-1.0254861362877,0.409811247092552
"17662",25947.82,21465.61,"G4- Nivel Medio Bajo",39.46,41.82,-0.914581148006802,0.428960268695889
"17777",25947.82,30039.28,"G3- Nivel Medio",20.07,91.36,-0.812763078767541,0.446540329229635
"17873",25947.82,69069.16,"G2- Nivel Medio Alto",52.41,91.01,1.13423969993806,0.782712748965703
"18001",6178.97,179282.42,"G1- Nivel Alto",51.64,73.85,1.94355469648809,0.922450290018309
"18029",6178.97,4844.41,"G3- Nivel Medio",47.06,96.95,0.430454854995356,0.661196202155609
"18753",6178.97,54626.47,"G3- Nivel Medio",41.01,80.62,-0.0607848663688882,0.576378015141373
"19001",28314.07,343058.96,"G1- Nivel Alto",56.59,76.9,2.20010903215034,0.966747346374179
"19022",28314.07,19697.53,"G5- Nivel Bajo",18.12,90.25,-1.72942733583037,0.288267703862739
"19130",28314.07,45069.94,"G5- Nivel Bajo",14.32,41.9,-2.57503340347758,0.142264092047943
"19142",28314.07,31601.73,"G2- Nivel Medio Alto",24.53,77.87,-0.253818960072321,0.543048459024877
"19212",28314.07,27161.21,"G4- Nivel Medio Bajo",21.01,58.98,-1.46862256041389,0.333298647521057
"19256",28314.07,57792.18,"G5- Nivel Bajo",25.51,89.11,-1.42667913505132,0.340540662247677
"19290",28314.07,5560.08,"G5- Nivel Bajo",13.24,95.87,-1.86072711903509,0.265597286381314
"19300",28314.07,20640.25,"G1- Nivel Alto",34.52,92.9,1.47353865547925,0.841296615483877
"19418",28314.07,20008.43,"G5- Nivel Bajo",8.76,86.45,-2.18681252935487,0.209294890397726
"19455",28314.07,33796.66,"G1- Nivel Alto",41.04,56.62,1.24332942922088,0.801548345228046
"19573",28314.07,44656.2,"G1- Nivel Alto",32.26,98.09,1.44920894927642,0.837095811923078
"19585",28314.07,18668.72,"G5- Nivel Bajo",21.09,34.24,-2.39095601843605,0.174047169414292
"19698",28314.07,118079.7,"G3- Nivel Medio",37.39,86.98,-0.127292584856561,0.564894692724139
"19701",28314.07,5727.44,"G5- Nivel Bajo",38.1,96.04,-0.78581623735286,0.451193011281091
"19780",28314.07,34144.39,"G5- Nivel Bajo",19.43,67.69,-1.99097484212624,0.243108519176896
"19809",28314.07,28161.39,"G5- Nivel Bajo",18.36,69.52,-2.01133657154857,0.239592832437883
"19845",28314.07,22202.18,"G1- Nivel Alto",35.62,99.43,1.61305869424106,0.865386354617896
"20001",32873.18,567641.95,"G1- Nivel Alto",51.93,89.25,2.17318389992814,0.962098412664456
"20011",32873.18,128473.85,"G3- Nivel Medio",62.49,93.89,1.05299677672924,0.768685224002592
"20013",32873.18,70979.06,"G2- Nivel Medio Alto",42.11,81.82,0.560309583132242,0.683617114261841
"20045",32873.18,25258.41,"G1- Nivel Alto",32.98,89.39,1.35761374698562,0.821280846928121
"20060",32873.18,46906.26,"G3- Nivel Medio",30.08,96.04,-0.314928739004944,0.532497152946632
"20175",32873.18,39719.71,"G5- Nivel Bajo",22.78,65.74,-1.87394081379969,0.263315790026377
"20178",32873.18,32340.46,"G2- Nivel Medio Alto",41.28,100,0.780813590516478,0.721689666871724
"20228",32873.18,43606.62,"G4- Nivel Medio Bajo",51.65,58.3,-0.156333772037965,0.559880397791663
"20238",32873.18,35043.01,"G3- Nivel Medio",35.71,80.25,-0.294654791036293,0.535997683208205
"20250",32873.18,43668.57,"G2- Nivel Medio Alto",31.33,100,0.351549087631383,0.647572214025755
"20295",32873.18,17501.72,"G3- Nivel Medio",52.29,100,0.699088995763915,0.707578975777496
"20383",32873.18,20013.49,"G2- Nivel Medio Alto",33.54,78.08,0.137852611067017,0.610675059896641
"20400",32873.18,54417.57,"G1- Nivel Alto",41.83,55.43,1.26063443828382,0.804536254045572
"20443",32873.18,11815.63,"G4- Nivel Medio Bajo",30.23,84.74,-0.70767267406381,0.464685396112274
"20517",32873.18,21690.81,"G4- Nivel Medio Bajo",43.96,60.58,-0.455952251439759,0.508147821793438
"20550",32873.18,24220.35,"G3- Nivel Medio",40.45,85.92,-0.010222056021073,0.585108265806234
"20570",32873.18,31367.54,"G5- Nivel Bajo",24.84,65.27,-1.79169428980711,0.277516598205936
"20614",32873.18,19607.63,"G3- Nivel Medio",38.51,54.94,-0.530691544574061,0.495243223352636
"20621",32873.18,32407.96,"G3- Nivel Medio",41.31,77.06,-0.0980331269454449,0.569946674608153
"20710",32873.18,30693.9,"G1- Nivel Alto",47.6,99.3,2.12806897005771,0.954308801213132
"20750",32873.18,22116.99,"G4- Nivel Medio Bajo",45.68,85.4,-0.0318212290165656,0.581378920204057
"20770",32873.18,31112.86,"G1- Nivel Alto",46.08,99.22,2.0613649996015,0.942791593636686
"20787",32873.18,17841.01,"G4- Nivel Medio Bajo",27.08,62.73,-1.15388000538444,0.387642569099076
"23001",27752.19,527504.61,"Ciudades",40.14,91.39,1.17514793424772,0.789776026052627
"23068",27752.19,49241.7,"G4- Nivel Medio Bajo",20.13,100,-0.928264324178593,0.426597710977094
"23079",27752.19,22827.76,"G3- Nivel Medio",16.8,94.64,-0.907594636216881,0.430166570299369
"23162",27752.19,114154.91,"G3- Nivel Medio",35.92,98.67,-0.0258992793342234,0.582401412917494
"23182",27752.19,51689.81,"G5- Nivel Bajo",33.33,69.26,-1.36916404815014,0.350471303408731
"23189",27752.19,63760.43,"G3- Nivel Medio",26.76,57.3,-1.00433931242405,0.413462489415228
"23300",27752.19,20588.01,"G5- Nivel Bajo",16.58,88.01,-1.82744706052933,0.271343471193787
"23417",27752.19,118499.9,"G4- Nivel Medio Bajo",27.09,91.16,-0.752626241031349,0.456923645821762
"23466",27752.19,86695.85,"G2- Nivel Medio Alto",35.7,74.67,0.182963555612821,0.618463983235838
"23555",27752.19,68871.09,"G3- Nivel Medio",22.68,85.97,-0.776153330165234,0.45286142332779
"23570",27752.19,38695.5,"G4- Nivel Medio Bajo",18.37,58.64,-1.5873113794738,0.312805658021827
"23660",27752.19,116118.5,"G2- Nivel Medio Alto",34.65,100,0.494781062463394,0.672302861608531
"23670",27752.19,50842.1,"G5- Nivel Bajo",16.89,40.6,-2.48248619035824,0.158243432660308
"23672",27752.19,36630.41,"G4- Nivel Medio Bajo",13.28,77.33,-1.54340270769221,0.320386995142479
"23686",27752.19,55117.54,"G5- Nivel Bajo",27.31,45.13,-1.96907835003467,0.246889200340099
"23807",27752.19,99853.31,"G4- Nivel Medio Bajo",23.43,91.94,-0.899529666100003,0.43155908013497
"23855",27752.19,38594.79,"G5- Nivel Bajo",21.03,50.94,-2.15809843048671,0.214252709771495
"25001",99387.91,14130.12,"G2- Nivel Medio Alto",47,100,1.02758675197404,0.764297891020361
"25019",99387.91,7788.54,"G2- Nivel Medio Alto",52.78,81.77,1.01993151350915,0.762976126066277
"25035",99387.91,17762.47,"G1- Nivel Alto",34.38,68.46,1.12292970415303,0.780759948131599
"25040",99387.91,16605.39,"G3- Nivel Medio",54.55,18.98,-0.345675854844282,0.527188309813656
"25053",99387.91,12648.42,"G2- Nivel Medio Alto",49.57,80.04,0.857054650440953,0.734853562618752
"25095",99387.91,2997.95,"G2- Nivel Medio Alto",36.36,33.55,-0.368295813054857,0.523282713905348
"25099",99387.91,12238.86,"G1- Nivel Alto",54.08,81.58,2.15780351501631,0.959442812339262
"25123",99387.91,12043.75,"G2- Nivel Medio Alto",41.94,97.53,0.774463949143354,0.720593328269538
"25126",99387.91,101629.84,"G1- Nivel Alto",58.8,100,2.62113017325223,1.0394414880119
"25148",99387.91,14861.41,"G3- Nivel Medio",44.62,17.03,-0.801569725845774,0.448472990332036
"25154",99387.91,9047.35,"G3- Nivel Medio",38.24,97.17,0.0530426795282116,0.59603164992575
"25168",99387.91,5013.87,"G3- Nivel Medio",31.58,46.88,-0.943301194486881,0.424001422398526
"25175",99387.91,163354.45,"G1- Nivel Alto",59.69,100,2.65952669662587,1.04607108932174
"25178",99387.91,11438.45,"G2- Nivel Medio Alto",41.89,77.52,0.490194457048188,0.671510931438904
"25181",99387.91,13161.48,"G2- Nivel Medio Alto",31.88,16,-0.809002596800373,0.447189619685768
"25183",99387.91,24978.93,"G1- Nivel Alto",40.39,89.55,1.67955293187874,0.876867349411352
"25200",99387.91,26919.39,"G1- Nivel Alto",50,95.95,2.1843799474611,0.964031539022465
"25214",99387.91,40365.31,"G1- Nivel Alto",66.01,100,2.93218515473982,1.09314870761184
"25224",99387.91,9237.28,"G3- Nivel Medio",32.84,60.34,-0.699175320424774,0.466152561935266
"25245",99387.91,29125.98,"G2- Nivel Medio Alto",38.18,93.67,0.557828943550121,0.68318880331132
"25260",99387.91,26102.33,"G1- Nivel Alto",42.39,96.11,1.85832387272264,0.907734208164344
"25269",99387.91,171974.73,"G1- Nivel Alto",49.31,90.23,2.07396803638064,0.944967652868036
"25279",99387.91,14473.12,"G2- Nivel Medio Alto",34.62,79.48,0.204184142932405,0.62212796166744
"25286",99387.91,115265.88,"G1- Nivel Alto",46.93,98.45,2.08717993769524,0.947248839563207
"25290",99387.91,170497.91,"G1- Nivel Alto",45.65,73.99,1.68710695132354,0.878171637737628
"25295",99387.91,20799.13,"G1- Nivel Alto",43.9,100,1.97831197295193,0.928451533498842
"25297",99387.91,9940.39,"G3- Nivel Medio",55.17,11.58,-0.423257132352294,0.5137930100887
"25307",99387.91,123377.82,"G1- Nivel Alto",48.65,99.95,2.18253230965248,0.963712523107485
"25312",99387.91,8527.86,"G2- Nivel Medio Alto",30.19,39.1,-0.556235883965001,0.490832699403964
"25317",99387.91,16069.09,"G2- Nivel Medio Alto",27.12,89.57,0.0228725051907435,0.590822422377739
"25320",99387.91,37113.57,"G2- Nivel Medio Alto",45.06,46.54,0.190181411685435,0.61971022909012
"25322",99387.91,18618.92,"G1- Nivel Alto",33.72,80.38,1.26251083124241,0.804860234867873
"25326",99387.91,7654.97,"G1- Nivel Alto",41.67,51.37,1.1964914986455,0.793461237890981
"25328",99387.91,5387.1,"G2- Nivel Medio Alto",54.05,53.06,0.669952115779572,0.702548158382152
"25335",99387.91,7593.93,"G1- Nivel Alto",29.63,91.69,1.24551421813004,0.80192557415768
"25339",99387.91,4110.1,"G3- Nivel Medio",25,86.97,-0.661964946510137,0.472577360900619
"25377",99387.91,36522.4,"G1- Nivel Alto",56.93,26.76,1.50787507128066,0.847225192531259
"25386",99387.91,40054.32,"G1- Nivel Alto",42.45,45.84,1.15217729265743,0.78580988062605
"25394",99387.91,11218.01,"G3- Nivel Medio",32.26,41.6,-0.988404974105077,0.416213736166474
"25402",99387.91,20740.35,"G1- Nivel Alto",46.21,54.84,1.44127894762438,0.835726605945031
"25407",99387.91,12164.68,"G3- Nivel Medio",50,59.85,0.0342358646885504,0.592784437070522
"25430",99387.91,139054.08,"G1- Nivel Alto",46.69,98.12,2.07217329096005,0.944657769432097
"25473",99387.91,155527.79,"G1- Nivel Alto",52.92,98.77,2.35011302502164,0.992647260747769
"25486",99387.91,16142.39,"G1- Nivel Alto",34.04,100,1.5529302645653,0.855004489774093
"25491",99387.91,7350.31,"G3- Nivel Medio",42.86,55.22,-0.339075544238472,0.528327929341493
"25506",99387.91,5084.58,"G3- Nivel Medio",55,41.84,-0.00396857404788972,0.586188001382214
"25513",99387.91,29382.73,"G2- Nivel Medio Alto",51.84,57.93,0.643267975257984,0.697940834660876
"25572",99387.91,18830.76,"G1- Nivel Alto",52.2,0,0.926534918325482,0.746850129872847
"25612",99387.91,15870.83,"G1- Nivel Alto",54.17,55.05,1.78765124961504,0.89553176706923
"25645",99387.91,14309.03,"G3- Nivel Medio",47.12,34.88,-0.442054850091218,0.510547367952529
"25649",99387.91,10071.61,"G2- Nivel Medio Alto",18.45,46.43,-0.959382337716234,0.421224828091286
"25662",99387.91,9750.07,"G2- Nivel Medio Alto",29.89,55.76,-0.334296357474895,0.529153110895548
"25718",99387.91,12965.74,"G2- Nivel Medio Alto",41.8,46.82,0.0534855660958403,0.596108119384724
"25736",99387.91,13979.08,"G1- Nivel Alto",48.67,89.27,2.03282242616011,0.937863390100343
"25740",99387.91,41103.43,"G1- Nivel Alto",47.46,99.51,2.12498976718714,0.953777141427547
"25745",99387.91,15682.46,"G2- Nivel Medio Alto",31.1,51.13,-0.347370721267189,0.526895671635247
"25754",99387.91,806301.36,"G1- Nivel Alto",42.38,50.79,1.21894526247033,0.797338138427401
"25758",99387.91,31824.09,"G1- Nivel Alto",51.47,99.17,2.29319631940219,0.982819936996226
"25769",99387.91,18113.62,"G1- Nivel Alto",42.46,100,1.9161872609766,0.917724987559325
"25772",99387.91,20809.67,"G2- Nivel Medio Alto",36.75,100,0.585379600760751,0.68794574110366
"25785",99387.91,26553.57,"G1- Nivel Alto",45.53,100,2.04863369553512,0.940593387583156
"25793",99387.91,9762.99,"G1- Nivel Alto",45.28,90.7,1.90673145503292,0.916092333923999
"25797",99387.91,11634.71,"G3- Nivel Medio",17,54.95,-1.45853844400639,0.335039786183358
"25799",99387.91,26883.05,"G1- Nivel Alto",59.09,100,2.63364139996948,1.04160169518028
"25815",99387.91,18935.05,"G2- Nivel Medio Alto",30.69,50.85,-0.369006606892499,0.523159987175347
"25817",99387.91,48367.96,"G1- Nivel Alto",54.72,98.64,2.42593610090158,1.00573898674281
"25823",99387.91,4902.4,"G5- Nivel Bajo",19.05,16.58,-2.72794677180314,0.115861840545164
"25841",99387.91,8023.38,"G2- Nivel Medio Alto",31.88,48.91,-0.34501866082977,0.527301781917811
"25843",99387.91,52266.81,"G2- Nivel Medio Alto",50.29,99.3,1.15965546303129,0.787101072737983
"25845",99387.91,8382.71,"G2- Nivel Medio Alto",45,29.57,-0.0516598494727933,0.57795355424365
"25873",99387.91,20785.14,"G2- Nivel Medio Alto",37.64,98.44,0.601782355063772,0.690777865261207
"25875",99387.91,32704.84,"G1- Nivel Alto",56.9,84.93,2.3266946185235,0.988603803560678
"25878",99387.91,15790.66,"G3- Nivel Medio",23.81,56.66,-1.14063177239821,0.389930028875159
"25885",99387.91,14491.86,"G4- Nivel Medio Bajo",32.35,17.18,-1.56871067614147,0.316017283355089
"25898",99387.91,5665.95,"G2- Nivel Medio Alto",22.41,96.45,-0.0833289125324934,0.572485526320941
"25899",99387.91,160677.45,"G1- Nivel Alto",54.63,94.36,2.36171142715809,0.994649858255038
"27001",6796.77,144656.06,"G1- Nivel Alto",70.38,44.47,2.3378228112259,0.990525214001881
"27006",6796.77,15917.7,"G4- Nivel Medio Bajo",22.73,100,-0.816094705334246,0.445965085590111
"27073",6796.77,11892.73,"G4- Nivel Medio Bajo",15.79,89.02,-1.27030360101584,0.367540696474221
"27075",6796.77,11527.71,"G4- Nivel Medio Bajo",31.71,49.79,-1.13656729424614,0.390631807768487
"27245",6796.77,9322.44,"G4- Nivel Medio Bajo",19.63,36.83,-1.84044206638657,0.269099733993567
"27250",6796.77,25453.62,"G5- Nivel Bajo",18.24,100,-1.58678921980771,0.312895814892868
"27361",6796.77,33862.41,"G3- Nivel Medio",48.43,0,-0.877296737765326,0.435397850884468
"27580",6796.77,5934.25,"G5- Nivel Bajo",11.76,90.65,-1.99817205242126,0.241865838053537
"27615",6796.77,63437.07,"G5- Nivel Bajo",16.78,41.97,-2.46791678729219,0.160759007643759
"41001",26369.83,384289.94,"G1- Nivel Alto",61.12,92.22,2.61153311303549,1.03778444520195
"41006",26369.83,27189.16,"G4- Nivel Medio Bajo",29.05,31.69,-1.50650955825499,0.326757021653812
"41016",26369.83,17596.45,"G1- Nivel Alto",37.85,86.28,1.52386951907123,0.84998681787402
"41020",26369.83,24379.36,"G4- Nivel Medio Bajo",43.93,76.87,-0.227580812323592,0.547578776965125
"41132",26369.83,33557.66,"G2- Nivel Medio Alto",59.2,67.51,1.09585858071515,0.776085807359631
"41298",26369.83,78775.39,"G3- Nivel Medio",46.29,65.53,-0.045741675841185,0.578975394978504
"41306",26369.83,26665.38,"G2- Nivel Medio Alto",35.1,33.9,-0.417720436562299,0.514748984287311
"41378",26369.83,14111.42,"G5- Nivel Bajo",33.05,39.98,-1.79404998042811,0.277109861130431
"41396",26369.83,66511.55,"G4- Nivel Medio Bajo",39.19,51.11,-0.795253816972644,0.449563504630184
"41530",26369.83,12277.57,"G5- Nivel Bajo",23.01,63.17,-1.90025144143493,0.258772957600224
"41551",26369.83,135737.68,"G2- Nivel Medio Alto",44.81,95.77,0.873468468429041,0.737687597048755
"41615",26369.83,26511.47,"G2- Nivel Medio Alto",59.56,52.47,0.899347267156331,0.742155869248037
"41668",26369.83,36044.78,"G5- Nivel Bajo",31.23,97.27,-1.06486164307051,0.403012613039081
"41770",26369.83,23883.34,"G5- Nivel Bajo",27.27,59.62,-1.76651575838016,0.281863961202935
"41807",26369.83,23732.33,"G4- Nivel Medio Bajo",45.81,95.71,0.11914350777059,0.607444718063008
"44001",19594.74,226763.6,"G1- Nivel Alto",55.88,85.95,2.29707015552305,0.983488799350533
"44035",19594.74,35835.09,"G1- Nivel Alto",33.9,63.24,1.02862693186084,0.764477490039598
"44078",19594.74,43793.8,"G3- Nivel Medio",48.48,66.84,0.0672087835459847,0.59847759069069
"44090",19594.74,46761.48,"G4- Nivel Medio Bajo",32.57,100,-0.391575840169489,0.519263149510145
"44098",19594.74,15686.74,"G5- Nivel Bajo",38.89,86.01,-0.893142586356776,0.432661882902285
"44110",19594.74,8629.04,"G2- Nivel Medio Alto",41.98,88.01,0.641971249976656,0.697716940129073
"44279",19594.74,51237.35,"G4- Nivel Medio Bajo",60.46,62.18,0.278451118478205,0.634951009045065
"44378",19594.74,24411.89,"G2- Nivel Medio Alto",34.26,80.8,0.207263077229098,0.622659575080655
"44420",19594.74,4198.87,"G2- Nivel Medio Alto",62.96,62.51,1.18758025684319,0.791922609517001
"44430",19594.74,203817.82,"G3- Nivel Medio",38.62,71.1,-0.298113016993956,0.535400580727973
"44560",19594.74,98650.24,"G5- Nivel Bajo",17.03,71.67,-2.03840372048187,0.234919377909835
"44650",19594.74,55961.28,"G4- Nivel Medio Bajo",57.98,56.77,0.0951852957138153,0.603308057238605
"44847",19594.74,195580.7,"G5- Nivel Bajo",10.34,54.23,-2.57290383755421,0.142631786094031
"44855",19594.74,12871.26,"G4- Nivel Medio Bajo",51,81.11,0.137212203059197,0.610564486089576
"44874",19594.74,33799.64,"G4- Nivel Medio Bajo",58.82,87.35,0.5625589790966,0.684005498342517
"47001",21790.66,561329.49,"G1- Nivel Alto",38.43,19.97,0.61401580130517,0.692890110436026
"47030",21790.66,17828.61,"G5- Nivel Bajo",26.11,64.12,-1.75311710062238,0.284177393545667
"47053",21790.66,45443.58,"G5- Nivel Bajo",29.92,100,-1.08288877823003,0.399900020846729
"47161",21790.66,11333.53,"G5- Nivel Bajo",19.59,61.07,-2.07740462920217,0.22818542251963
"47189",21790.66,133650.67,"G2- Nivel Medio Alto",55,83.47,1.13967467999679,0.783651160773609
"47245",21790.66,74197.38,"G4- Nivel Medio Bajo",26.27,73.63,-1.03515074377456,0.408142541469638
"47288",21790.66,75116.34,"G4- Nivel Medio Bajo",34.95,98.92,-0.304123952276248,0.534362723627395
"47318",21790.66,30405.42,"G5- Nivel Bajo",20.56,62.16,-2.02018929173141,0.238064308494486
"47460",21790.66,22401.36,"G5- Nivel Bajo",20.19,64.14,-2.0082367229004,0.240128056954391
"47545",21790.66,13726.48,"G4- Nivel Medio Bajo",28.57,57.38,-1.16502553441071,0.385718165342195
"47555",21790.66,70609.9,"G4- Nivel Medio Bajo",30.22,99.99,-0.493100904439512,0.501733679653813
"47660",21790.66,17715.74,"G5- Nivel Bajo",27.43,40.75,-2.02565302694013,0.237120931779259
"47692",21790.66,22425.82,"G5- Nivel Bajo",28.23,68.81,-1.59553342619211,0.311386027104651
"47707",21790.66,28010.68,"G5- Nivel Bajo",32.58,54.6,-1.60820570395479,0.309198012621241
"47720",21790.66,11790.12,"G4- Nivel Medio Bajo",26.11,70.58,-1.08505412779664,0.399526148343134
"47960",21790.66,11086.84,"G5- Nivel Bajo",34.34,63.4,-1.40820808515922,0.343729901423504
"47980",21790.66,77843.32,"G4- Nivel Medio Bajo",36.82,78.52,-0.511058937338629,0.498633018761378
"50001",53708.16,585907.38,"Ciudades",45.26,51.52,0.833925816455518,0.730860103455983
"50006",53708.16,96801.68,"G1- Nivel Alto",40.21,97.19,1.7795004170482,0.894124432094249
"50110",53708.16,7230.14,"G1- Nivel Alto",28.17,70.06,0.877574595626717,0.738396567128759
"50124",53708.16,6706.82,"G1- Nivel Alto",22.41,52.67,0.383901616867639,0.653158250243518
"50223",53708.16,7875.57,"G3- Nivel Medio",50,40.04,-0.245056805368503,0.544561345796843
"50270",53708.16,4391.03,"G3- Nivel Medio",44.64,44.69,-0.410740438717882,0.515954161183191
"50313",53708.16,76105.42,"G2- Nivel Medio Alto",41.78,68.34,0.356023947489196,0.648344850039855
"50318",53708.16,15642.62,"G1- Nivel Alto",35.33,82.22,1.35791107925112,0.821332184762998
"50450",53708.16,9224.12,"G2- Nivel Medio Alto",34.83,50.61,-0.19378171674352,0.55341457949726
"50568",53708.16,46180.24,"G1- Nivel Alto",25.87,21.5,0.0937210699378977,0.603055241820202
"50573",53708.16,33606.43,"G1- Nivel Alto",38.96,72.04,1.37099368226654,0.823591046619921
"50590",53708.16,13885.26,"G2- Nivel Medio Alto",27.59,47.9,-0.544338087539177,0.492886990778246
"50606",53708.16,20226.06,"G1- Nivel Alto",45.59,64.27,1.54748032206403,0.854063494528421
"50680",53708.16,13671.79,"G1- Nivel Alto",28.7,64.73,0.825294563348571,0.729369818350049
"50683",53708.16,10045.26,"G2- Nivel Medio Alto",40.51,39.12,-0.110726810076792,0.567754964241687
"50689",53708.16,29916.37,"G2- Nivel Medio Alto",35.07,86.05,0.316225719779812,0.641473228357237
"52001",23329.88,413530.75,"Ciudades",40.86,75.75,0.985708656732489,0.757067156290415
"52019",23329.88,10120.03,"G4- Nivel Medio Bajo",28.21,100,-0.579675662539239,0.486785552082162
"52079",23329.88,58658.74,"G5- Nivel Bajo",19.75,75.43,-1.86804641941809,0.264333525000263
"52215",23329.88,16386.17,"G5- Nivel Bajo",19.89,100,-1.51560465400265,0.325186648781898
"52233",23329.88,6239.18,"G4- Nivel Medio Bajo",18.81,84.38,-1.2054316389272,0.378741586738416
"52240",23329.88,15998.52,"G4- Nivel Medio Bajo",22.22,50.18,-1.54048796076034,0.320890259719048
"52250",23329.88,23299.41,"G5- Nivel Bajo",25.1,69.08,-1.72676177653866,0.288727943327647
"52254",23329.88,7826.47,"G5- Nivel Bajo",24,71.77,-1.73629300066513,0.287082267875775
"52256",23329.88,12985.11,"G5- Nivel Bajo",7.79,44.52,-2.81981346223855,0.1
"52323",23329.88,7445.33,"G4- Nivel Medio Bajo",28.26,100,-0.57751855448454,0.487158001593951
"52354",23329.88,8041.99,"G5- Nivel Bajo",24.05,56.62,-1.94772922685396,0.250575371966249
"52356",23329.88,121593.69,"G2- Nivel Medio Alto",38.57,93.72,0.575359314872626,0.686215623514564
"52378",23329.88,19576.82,"G5- Nivel Bajo",23.64,39.68,-2.20424728729757,0.206284578944032
"52385",23329.88,6731.7,"G5- Nivel Bajo",33.9,40.35,-1.75216267262891,0.284342186514397
"52399",23329.88,33505.5,"G5- Nivel Bajo",18.9,100,-1.55831539348569,0.31781214844848
"52480",23329.88,4594.45,"G2- Nivel Medio Alto",33.33,46.06,-0.322643451507134,0.531165119116072
"52540",23329.88,10435.78,"G5- Nivel Bajo",20,73.18,-1.88898266145799,0.260718642051091
"52560",23329.88,10826.07,"G5- Nivel Bajo",27.83,78.39,-1.47772599082422,0.331726835573786
"52612",23329.88,20726.47,"G5- Nivel Bajo",31.43,46.28,-1.77511929092285,0.280378462371199
"52683",23329.88,21435.05,"G5- Nivel Bajo",33.61,100,-0.923694203793251,0.427386794816742
"52788",23329.88,14211.23,"G5- Nivel Bajo",17.02,100,-1.63942265634237,0.303808046805222
"52835",23329.88,267059.11,"G4- Nivel Medio Bajo",28.51,78.04,-0.876337609589789,0.435563455393683
"52838",23329.88,46805.96,"G5- Nivel Bajo",32.18,99.49,-0.992577764815344,0.41549325586441
"54003",24967.44,35986.06,"G5- Nivel Bajo",46.38,44.16,-1.16003295079203,0.386580192317288
"54051",24967.44,11081.6,"G5- Nivel Bajo",27.27,20.35,-2.32016659902329,0.186269776734617
"54099",24967.44,9437.09,"G3- Nivel Medio",39.58,45.95,-0.611275575757916,0.481329463674711
"54109",24967.44,7315.83,"G5- Nivel Bajo",27.03,46,-1.96889239931313,0.246921306870553
"54125",24967.44,3234.75,"G4- Nivel Medio Bajo",61.9,18.47,-0.275672660621368,0.539275166313582
"54172",24967.44,19893.51,"G3- Nivel Medio",38.12,48.54,-0.637747834869928,0.476758723715376
"54174",24967.44,13381.98,"G4- Nivel Medio Bajo",41.49,33.22,-0.948250262272781,0.423146908932382
"54206",24967.44,21225.94,"G5- Nivel Bajo",22.44,36.62,-2.29915950455657,0.189896893170063
"54223",24967.44,9331.9,"G5- Nivel Bajo",35.42,16.36,-2.02481128007645,0.23726626905513
"54239",24967.44,5247.61,"G3- Nivel Medio",48,40.35,-0.326970570882172,0.530417992195298
"54245",24967.44,15131.65,"G5- Nivel Bajo",40,33.54,-1.58500675109085,0.313203578614731
"54250",24967.44,23573.24,"G5- Nivel Bajo",24.89,50.18,-2.00228460180092,0.24115575910996
"54261",24967.44,30866.75,"G3- Nivel Medio",27.51,100,-0.369973756144894,0.522992997734973
"54313",24967.44,8401.26,"G5- Nivel Bajo",25.35,28.16,-2.29288971727146,0.190979444045655
"54347",24967.44,7890.99,"G5- Nivel Bajo",24.14,22.9,-2.41925020995893,0.169161851872504
"54377",24967.44,7240.3,"G4- Nivel Medio Bajo",37.5,25.86,-1.22415295962736,0.375509135429532
"54385",24967.44,13195.41,"G4- Nivel Medio Bajo",33.6,18.19,-1.50054341915776,0.327787144177896
"54405",24967.44,103780.86,"G1- Nivel Alto",53.85,96.4,2.35682162413559,0.993805577531825
"54418",24967.44,4589.04,"G4- Nivel Medio Bajo",36.11,59.37,-0.811677485627145,0.446727769369345
"54498",24967.44,135391.78,"G2- Nivel Medio Alto",57.36,71.6,1.07414015526303,0.772335871449445
"54518",24967.44,56941.9,"G2- Nivel Medio Alto",72.59,83.42,1.89784036514404,0.914557185009613
"54520",24967.44,6291.48,"G5- Nivel Bajo",52.54,20.38,-1.22954123108092,0.374578788399445
"54553",24967.44,9962.56,"G3- Nivel Medio",25.88,75.74,-0.782326784916073,0.451795505372038
"54599",24967.44,6804.43,"G4- Nivel Medio Bajo",50,33.64,-0.575189071997849,0.487560213533682
"54660",24967.44,11716.05,"G5- Nivel Bajo",37.04,38.35,-1.64489342662795,0.302863455403074
"54670",24967.44,14548.68,"G5- Nivel Bajo",44.9,9.5,-1.71253978253659,0.291183534141095
"54673",24967.44,8152.32,"G1- Nivel Alto",41.94,74.9,1.53987923228941,0.852751078968405
"54680",24967.44,3911.52,"G4- Nivel Medio Bajo",44.74,47.67,-0.604313903415761,0.482531476461887
"54720",24967.44,29041.01,"G4- Nivel Medio Bajo",39.08,25.45,-1.16176875876486,0.386280485109468
"54743",24967.44,7179.42,"G4- Nivel Medio Bajo",46.55,20.28,-0.912386421864064,0.429339213403175
"54810",24967.44,62203.33,"G4- Nivel Medio Bajo",30.22,65.92,-0.973439181513909,0.418797752359808
"54820",24967.44,17765.52,"G3- Nivel Medio",32.84,36.34,-1.03754099843433,0.407729836515362
"54871",24967.44,5777.53,"G5- Nivel Bajo",20.51,50.29,-2.18969642470167,0.208796952702103
"54874",24967.44,116269.39,"G2- Nivel Medio Alto",45.45,82.61,0.715542271420615,0.710419823027737
"63001",13156.71,309521.1,"G1- Nivel Alto",56.07,100,2.50335207346566,1.01910574466823
"63111",13156.71,3290.82,"G2- Nivel Medio Alto",69.23,47.5,1.2464620724473,0.802089232105617
"63130",13156.71,76447.29,"G2- Nivel Medio Alto",52.48,99.73,1.26019918089144,0.804461101851439
"63212",13156.71,5987.6,"G3- Nivel Medio",56.52,98.78,0.864380081892629,0.736118382599316
"63272",13156.71,12703.68,"G1- Nivel Alto",44.09,99.92,1.98538109796642,0.929672099225573
"63401",13156.71,35237.97,"G1- Nivel Alto",37.53,98.67,1.68474530879359,0.877763872996597
"63470",13156.71,38509.24,"G2- Nivel Medio Alto",39.87,100,0.719983143373967,0.71118659063928
"63548",13156.71,5504.45,"G2- Nivel Medio Alto",55.56,100,1.3968836509385,0.828061247438602
"63594",13156.71,32088.56,"G1- Nivel Alto",41.58,100,1.8782221592139,0.911169876151842
"63690",13156.71,9838.85,"G2- Nivel Medio Alto",56.64,85.48,1.23876594972422,0.800760408014198
"66001",26193.17,482529.91,"Ciudades",47.33,67.64,1.15049903698314,0.785520110484408
"66045",26193.17,12688.58,"G3- Nivel Medio",16.39,35.73,-1.7558296760797,0.283709036199095
"66075",26193.17,6581.17,"G1- Nivel Alto",24.56,46.96,0.396154428993255,0.65527383916095
"66088",26193.17,25367.52,"G3- Nivel Medio",18.99,95.14,-0.806064018462534,0.447696999028632
"66170",26193.17,225985.63,"G1- Nivel Alto",45.76,86.84,1.87301921247816,0.91027152756547
"66318",26193.17,12486.5,"G4- Nivel Medio Bajo",26.38,76.31,-0.992620938676487,0.415485801400796
"66383",26193.17,7713.02,"G3- Nivel Medio",13.89,54.53,-1.59863196437383,0.310851028855247
"66400",26193.17,28586.9,"G2- Nivel Medio Alto",30.42,81,0.0444168926116302,0.594542308620442
"66440",26193.17,17284.39,"G3- Nivel Medio",28.3,54.94,-0.97117300934359,0.419189033045366
"66456",26193.17,17607.85,"G5- Nivel Bajo",21.21,87.81,-1.63051856864761,0.305345439940263
"66572",26193.17,16839.92,"G5- Nivel Bajo",25,67.21,-1.75744031839297,0.283430940281769
"66682",26193.17,80009,"G1- Nivel Alto",39.1,87.12,1.58964001916904,0.861342851058436
"66687",26193.17,12912.04,"G3- Nivel Medio",19.81,57.49,-1.30149860374296,0.362154520519494
"68001",101104.57,619750.6,"Ciudades",56.46,82.71,1.75685241642134,0.890213994340289
"68013",101104.57,2005.53,"G4- Nivel Medio Bajo",33.33,100,-0.358787797738065,0.524924382089334
"68051",101104.57,8765.87,"G2- Nivel Medio Alto",32.35,25.48,-0.655071338272428,0.473767621637445
"68077",101104.57,33197.5,"G2- Nivel Medio Alto",52.92,74.58,0.92460269835861,0.746516509875572
"68079",101104.57,11211.93,"G2- Nivel Medio Alto",40.82,90.08,0.621110382835964,0.69411507152304
"68081",101104.57,216374.7,"G1- Nivel Alto",60.06,99.87,2.67365648214142,1.04851075927962
"68101",101104.57,11960.56,"G4- Nivel Medio Bajo",35.54,7.96,-1.56107599688702,0.317335498525067
"68121",101104.57,2073.99,"G3- Nivel Medio",39.29,66.3,-0.336880904662901,0.528706859101962
"68147",101104.57,5802.18,"G2- Nivel Medio Alto",44.78,45.12,0.158081637296889,0.614167833903425
"68160",101104.57,2178.42,"G3- Nivel Medio",40.91,84,-0.0174459161586072,0.583860983281098
"68162",101104.57,7164.3,"G3- Nivel Medio",60.53,26.88,0.0236929708425268,0.590964085207647
"68167",101104.57,12877.08,"G2- Nivel Medio Alto",45.6,91.73,0.850592553228343,0.733737807222667
"68169",101104.57,3083.59,"G4- Nivel Medio Bajo",77.78,19.97,0.430572712426622,0.661216551596445
"68176",101104.57,3057.04,"G2- Nivel Medio Alto",48.15,71.76,0.679056622774206,0.704120156214083
"68190",101104.57,35798.14,"G1- Nivel Alto",37.79,66.53,1.24283423354356,0.801462843999744
"68207",101104.57,6091.05,"G4- Nivel Medio Bajo",62.5,34.86,-0.0187118030242876,0.583642413356391
"68209",101104.57,3327.25,"G3- Nivel Medio",15.79,64.26,-1.37948277300223,0.34868965690054
"68211",101104.57,3906.32,"G2- Nivel Medio Alto",50,44.04,0.368057262697031,0.650422540290279
"68229",101104.57,13375.77,"G3- Nivel Medio",29.41,95.49,-0.351588200392295,0.526167475364456
"68235",101104.57,22647.32,"G5- Nivel Bajo",38.14,38.27,-1.59856493501793,0.310862602244361
"68245",101104.57,2341.56,"G3- Nivel Medio",17.39,48.97,-1.52602244928378,0.323387896624851
"68250",101104.57,5453.02,"G5- Nivel Bajo",26.79,6.68,-2.53360228711468,0.149417650734358
"68255",101104.57,14264.96,"G3- Nivel Medio",36.67,97.74,-0.00665432853660922,0.585724274984304
"68264",101104.57,2789.2,"G4- Nivel Medio Bajo",30,83.5,-0.735077597812586,0.459953620878017
"68276",101104.57,339537.44,"G1- Nivel Alto",58.45,82.69,2.36198417160494,0.994696950720273
"68296",101104.57,3081.67,"G3- Nivel Medio",32.26,91.02,-0.291653648803734,0.53651586492696
"68307",101104.57,175769.05,"G1- Nivel Alto",49.9,99.99,2.23702395381664,0.973121132111238
"68318",101104.57,6350.07,"G4- Nivel Medio Bajo",26.53,27.46,-1.67486475496101,0.297688560904399
"68327",101104.57,5449.14,"G3- Nivel Medio",53.33,78.76,0.444503218263197,0.663621813626088
"68385",101104.57,10767.95,"G3- Nivel Medio",38.14,16.73,-1.08536050070988,0.39947324953646
"68406",101104.57,46103.71,"G1- Nivel Alto",43.34,49.43,1.24118768203334,0.801178547946618
"68418",101104.57,15554.35,"G2- Nivel Medio Alto",38.3,13.13,-0.572492818239001,0.488025752751318
"68425",101104.57,2317.57,"G3- Nivel Medio",29.17,4.67,-1.64237443892268,0.30329838759805
"68432",101104.57,21776.26,"G2- Nivel Medio Alto",50.71,71.87,0.79105139786567,0.72345734204251
"68444",101104.57,5397.44,"G3- Nivel Medio",36.36,59.93,-0.553095327039963,0.491374952672607
"68464",101104.57,10947.19,"G4- Nivel Medio Bajo",37.19,50.61,-0.888587424119135,0.433448384045718
"68500",101104.57,11185.78,"G3- Nivel Medio",34.48,90,-0.210258592490506,0.550569657420036
"68547",101104.57,192241.58,"G1- Nivel Alto",52,69.05,1.89141273888001,0.913447381419207
"68549",101104.57,5577.68,"G2- Nivel Medio Alto",31.58,99.76,0.358950971124782,0.6488502343305
"68572",101104.57,15625.86,"G1- Nivel Alto",42.86,19.67,0.800906003976379,0.725158853112764
"68575",101104.57,35966.54,"G2- Nivel Medio Alto",52.34,46,0.49664311669439,0.67262436668462
"68615",101104.57,27168.59,"G2- Nivel Medio Alto",33.67,66.1,-0.0254397755972024,0.582480751521856
"68655",101104.57,34996.65,"G1- Nivel Alto",27.01,44.5,0.467170241677525,0.667535535883061
"68669",101104.57,9213.39,"G3- Nivel Medio",37.96,16.53,-1.09594580369021,0.397645575248855
"68679",101104.57,63650.11,"G1- Nivel Alto",44.32,89.39,1.84684585379135,0.905752396201818
"68682",101104.57,2358.36,"G3- Nivel Medio",35.48,46.85,-0.775469723317873,0.452979455911276
"68684",101104.57,4519.03,"G4- Nivel Medio Bajo",34.78,29.02,-1.29694815686505,0.362940207501843
"68686",101104.57,2745.03,"G3- Nivel Medio",48.15,10.15,-0.746276058213432,0.458020077910619
"68689",101104.57,36748.97,"G2- Nivel Medio Alto",40.13,72.23,0.339682818661512,0.645523366229301
"68720",101104.57,3624.34,"G3- Nivel Medio",31.03,36.29,-1.11633323851029,0.394125450177316
"68745",101104.57,10841.16,"G3- Nivel Medio",34.44,68.59,-0.513834660858623,0.498153758175599
"68755",101104.57,35982.66,"G1- Nivel Alto",48.9,76.74,1.8660900421509,0.90907512662493
"68770",101104.57,10741.29,"G3- Nivel Medio",34.23,69.75,-0.506540173584563,0.499413235288048
"68855",101104.57,6475.32,"G3- Nivel Medio",25.81,80.4,-0.719647400379129,0.462617821907899
"68861",101104.57,26393.65,"G3- Nivel Medio",68.39,58.71,0.811547837501378,0.726996288048993
"68872",101104.57,8867.18,"G2- Nivel Medio Alto",26.23,100,0.131524066052088,0.609582363823299
"68895",101104.57,10059.73,"G1- Nivel Alto",42.86,79.7,1.64724315609778,0.871288695069299
"70001",12567.8,314281.33,"G1- Nivel Alto",46.23,87.05,1.89625672787492,0.914283751823709
"70204",12567.8,9480.77,"G5- Nivel Bajo",31.17,94.84,-1.10170969763461,0.39665037267617
"70215",12567.8,71430.07,"G3- Nivel Medio",48.81,74.14,0.184365257101571,0.61870600311705
"70221",12567.8,21476.43,"G1- Nivel Alto",32.63,100,1.49209981742279,0.844501413541649
"70429",12567.8,42193.69,"G5- Nivel Bajo",14.45,63.58,-2.2637679267334,0.196007656074574
"70473",12567.8,16614.88,"G4- Nivel Medio Bajo",27.94,55.85,-1.21377590787303,0.377300852748138
"70508",12567.8,24182.44,"G4- Nivel Medio Bajo",25.57,100,-0.693570967827345,0.467120217859714
"70670",12567.8,53277.55,"G5- Nivel Bajo",22.28,80.68,-1.68487925978573,0.29595944148238
"70678",12567.8,31358.17,"G5- Nivel Bajo",9.77,52.32,-2.62442313791937,0.133736386428305
"70708",12567.8,62410.8,"G4- Nivel Medio Bajo",20.63,46.94,-1.65476336343106,0.301159297312478
"70713",12567.8,57101.79,"G5- Nivel Bajo",17.83,54.6,-2.24455258009099,0.199325406643548
"70820",12567.8,34878.08,"G3- Nivel Medio",36.64,87.32,-0.154855691905244,0.560135605324089
"70823",12567.8,23437.59,"G2- Nivel Medio Alto",25.38,99.94,0.0940073149271814,0.60310466530934
"73024",33408.99,4790.47,"G2- Nivel Medio Alto",62.5,47.27,0.952872657203893,0.751397643366905
"73055",33408.99,13593.84,"G2- Nivel Medio Alto",32.28,100,0.392534140670663,0.654648754749742
"73067",33408.99,20168.56,"G4- Nivel Medio Bajo",33.86,34.08,-1.26530018129117,0.368404594427626
"73124",33408.99,19459.34,"G2- Nivel Medio Alto",43.01,2.45,-0.51986596620061,0.497112383949965
"73148",33408.99,11260.82,"G1- Nivel Alto",43.1,39.44,1.08998884989931,0.775072330833997
"73168",33408.99,54860.06,"G3- Nivel Medio",42.41,95.14,0.204325394358464,0.622152350350501
"73217",33408.99,23686.94,"G5- Nivel Bajo",22.53,20.86,-2.51747017195105,0.152203045932213
"73268",33408.99,75305.92,"G1- Nivel Alto",65.89,79.84,2.64278092588051,1.04317973943083
"73275",33408.99,30366.07,"G1- Nivel Alto",33.19,65.79,1.03394735077263,0.765396121548062
"73283",33408.99,32216.17,"G3- Nivel Medio",41.87,44.77,-0.529116339354839,0.495515200648158
"73319",33408.99,34929.59,"G2- Nivel Medio Alto",46.15,65.77,0.508321866783029,0.674640837189814
"73349",33408.99,26192.81,"G1- Nivel Alto",41.18,55.15,1.22864443399595,0.799012811929086
"73352",33408.99,12685.97,"G4- Nivel Medio Bajo",32.12,25.09,-1.4671136851491,0.33355917218717
"73443",33408.99,39574.95,"G2- Nivel Medio Alto",56.27,80.02,1.14582515837227,0.784713111593933
"73449",33408.99,38206.31,"G1- Nivel Alto",36.68,96.34,1.61522480395695,0.865760358370005
"73555",33408.99,27504.63,"G4- Nivel Medio Bajo",22.02,39.4,-1.7010989766851,0.293158920837453
"73616",33408.99,23481.28,"G5- Nivel Bajo",25.15,22.67,-2.37891929833494,0.176125447558696
"73624",33408.99,22546.28,"G4- Nivel Medio Bajo",28.3,57.24,-1.17864771769447,0.38336613874692
"73675",33408.99,13587.33,"G4- Nivel Medio Bajo",34.81,45.07,-1.06937184486335,0.402233874833477
"76001",152478.8,2283892.55,"Ciudades",38.54,88.18,1.06086406706357,0.770043602150474
"76020",152478.8,14940.5,"G2- Nivel Medio Alto",26.13,82.4,-0.120924980597651,0.565994132825125
"76036",152478.8,23077.44,"G1- Nivel Alto",31.16,56.66,0.817648820409047,0.728049692907615
"76041",152478.8,18395.5,"G2- Nivel Medio Alto",14.53,48.19,-1.1036861261506,0.396309119564505
"76109",152478.8,324177.63,"G1- Nivel Alto",39.91,72.79,1.42255266274362,0.83249329751328
"76111",152478.8,133737.89,"G1- Nivel Alto",55.13,88.21,2.29657630271513,0.983403529984076
"76113",152478.8,26170.68,"G1- Nivel Alto",30.09,55.71,0.758093066617278,0.717766707140797
"76122",152478.8,29645.71,"G2- Nivel Medio Alto",36.28,88.2,0.398739660025216,0.655720209028059
"76126",152478.8,19469.95,"G2- Nivel Medio Alto",26.07,65.53,-0.361356384764173,0.524480886001238
"76130",152478.8,94152.17,"G1- Nivel Alto",41.8,95.03,1.81764354216676,0.900710281281341
"76147",152478.8,143327.55,"G1- Nivel Alto",45.24,80.04,1.75471501327325,0.889844947107228
"76233",152478.8,49844.22,"G3- Nivel Medio",35.05,72.88,-0.427035077647087,0.51314070438823
"76248",152478.8,58008.24,"G1- Nivel Alto",42.43,90.43,1.77996968203747,0.894205456091065
"76275",152478.8,58570.8,"G2- Nivel Medio Alto",36.76,94.05,0.501924531365155,0.673536263662333
"76306",152478.8,25153.92,"G2- Nivel Medio Alto",46.27,71.21,0.590195146463139,0.688777200446619
"76318",152478.8,35561.71,"G2- Nivel Medio Alto",36.16,63.03,0.0387015958814171,0.593555496915642
"76364",152478.8,181526.7,"G1- Nivel Alto",35.74,98.9,1.61076351151629,0.864990064926499
"76400",152478.8,34823.23,"G2- Nivel Medio Alto",34.46,74.25,0.123545876491119,0.608204837648628
"76403",152478.8,12548.43,"G2- Nivel Medio Alto",34.27,88.16,0.311459973429635,0.640650367445117
"76497",152478.8,12689.2,"G2- Nivel Medio Alto",11.39,73.71,-0.8793570077022,0.435042121587333
"76520",152478.8,359596.95,"G1- Nivel Alto",43.75,91.41,1.85073393320025,0.906423717823601
"76563",152478.8,49463.92,"G1- Nivel Alto",36.77,99.81,1.66802963606762,0.874877719874853
"76606",152478.8,16590.79,"G2- Nivel Medio Alto",23.96,79.6,-0.254019465939368,0.543013839381169
"76616",152478.8,16041.03,"G2- Nivel Medio Alto",21.17,85.06,-0.297407903644396,0.535522326656383
"76622",152478.8,37820.54,"G2- Nivel Medio Alto",58,74.06,1.13643362035915,0.783091554555882
"76670",152478.8,18185.87,"G1- Nivel Alto",40.86,82.93,1.60649721474194,0.864253439727177
"76736",152478.8,43843.66,"G2- Nivel Medio Alto",42.61,63.35,0.321480077311045,0.642380453608661
"76823",152478.8,15043.29,"G3- Nivel Medio",25.3,73.54,-0.838366092168123,0.442119674538464
"76828",152478.8,19798.52,"G3- Nivel Medio",26.13,72.92,-0.8112992118087,0.446793082694144
"76834",152478.8,232822.45,"G1- Nivel Alto",42.4,84.15,1.69013639812549,0.878694706565783
"76869",152478.8,13342,"G1- Nivel Alto",43.24,70.16,1.52913682030469,0.850896278004482
"76890",152478.8,16518.36,"G1- Nivel Alto",46.58,84.09,1.8696247173033,0.909685428937776
"76892",152478.8,108917.4,"G1- Nivel Alto",40.06,90.06,1.67250628937543,0.875650665548719
"76895",152478.8,43241.51,"G1- Nivel Alto",45.91,76.36,1.73173752391142,0.885877619334145
"81001",8580.06,100739.41,"G1- Nivel Alto",41.37,58.35,1.28195686833842,0.808217816796537
"81065",8580.06,63483.86,"G3- Nivel Medio",31.55,46.05,-0.956297272350864,0.421757500104014
"81300",8580.06,24247.61,"G3- Nivel Medio",40.27,62.31,-0.350854880759889,0.526294091431964
"81591",8580.06,5286,"G2- Nivel Medio Alto",38.24,52.82,-0.0155091078963372,0.584195395500338
"81736",8580.06,65155.24,"G3- Nivel Medio",44.62,74.46,0.00811114449125797,0.588273703701415
"81794",8580.06,54209.76,"G2- Nivel Medio Alto",32.59,58.86,-0.174106955778249,0.556811653232214
"85001",22521.73,194128.19,"G1- Nivel Alto",48.15,95.02,2.09145527941436,0.947987026476258
"85010",22521.73,41215.86,"G1- Nivel Alto",46.5,52.32,1.41826177815063,0.831752426944316
"85139",22521.73,18356.08,"G1- Nivel Alto",32.88,40.41,0.662751576338389,0.701304902443423
"85162",22521.73,19523.43,"G1- Nivel Alto",36.36,100,1.65302007830333,0.872286147121092
"85225",22521.73,10040.69,"G1- Nivel Alto",20.25,39.1,0.0993969551300743,0.604035248669738
"85230",22521.73,14126.09,"G1- Nivel Alto",25.98,64.98,0.711472527652213,0.709717134965197
"85250",22521.73,41041.55,"G2- Nivel Medio Alto",37.04,55.66,-0.0272397626446485,0.582169963058762
"85263",22521.73,12926.07,"G2- Nivel Medio Alto",33.07,40.08,-0.418169861495616,0.514671385904311
"85315",22521.73,2417.65,"G3- Nivel Medio",41.18,72.73,-0.164688415628553,0.558437872499661
"85410",22521.73,26841.14,"G1- Nivel Alto",41.2,62.74,1.33651542288835,0.817637978647846
"85430",22521.73,15247.45,"G2- Nivel Medio Alto",29.69,54.26,-0.364072644569288,0.524011892509649
"85440",22521.73,40277.48,"G1- Nivel Alto",37.01,84.91,1.46831506296591,0.840394702166582
"86001",5794.72,64855.26,"G1- Nivel Alto",44.57,53.28,1.34853203435963,0.819712784806065
"86219",5794.72,5940.13,"G4- Nivel Medio Bajo",33.87,100,-0.335491030747316,0.528946836816653
"86320",5794.72,41029.1,"G3- Nivel Medio",28.45,45.73,-1.09454951411566,0.397886660700844
"86568",5794.72,73190.67,"G2- Nivel Medio Alto",40,100,0.725591624316184,0.712154959369931
"86569",5794.72,17095.22,"G5- Nivel Bajo",28.07,42.38,-1.97506137487517,0.245856162298258
"86571",5794.72,38638.42,"G5- Nivel Bajo",19.2,22.36,-2.63998571351841,0.131049328785823
"86749",5794.72,17044.19,"G4- Nivel Medio Bajo",28.27,71.21,-0.982984960785896,0.417149563794682
"86757",5794.72,21343.28,"G4- Nivel Medio Bajo",19.44,5.83,-2.28569474442343,0.19222173884806
"86760",5794.72,7878.81,"G4- Nivel Medio Bajo",12.86,35.03,-2.15789192284352,0.214288365690873
"86865",5794.72,36033.67,"G4- Nivel Medio Bajo",26.05,65.78,-1.15531579306419,0.387394663845007
"86885",5794.72,27160.59,"G2- Nivel Medio Alto",33.58,24,-0.622872363604089,0.479327144893221
"88564",2253.45,5988.07,"G1- Nivel Alto",56.6,58.37,1.93929395319806,0.921714623691919
"94001",556.3,37968.02,"G2- Nivel Medio Alto",47.41,19.87,-0.0844433694318317,0.572293102521325
"95001",1251.61,63258.2,"G1- Nivel Alto",53.39,34.7,1.46709446614947,0.840183952089698
"95015",1251.61,11673.09,"G4- Nivel Medio Bajo",46.81,52.54,-0.446349594455118,0.509805830949731
"99001",1059.15,22664.87,"G1- Nivel Alto",55.81,66.72,2.02293470474131,0.936156161291331
"99524",1059.15,11256.67,"G2- Nivel Medio Alto",27.93,29.51,-0.788942453542045,0.450653234105408
"99773",1059.15,87070.37,"G5- Nivel Bajo",18.57,76.17,-1.90852122777035,0.257345083889161
